{
  "meta": {
    "title": "ИИ-аналитик личных данных — Telegram",
    "description": "Персональный аналитический разбор в Telegram: выберите тариф T0–T3 и получите отчёт за несколько минут.",
    "brand": "Numerolog Bot MVP"
  },
  "hero": {
    "eyebrow": "One-screen landing",
    "title": "Откройте карту своих сильных сторон",
    "subtitle": "Короткий путь к личному разбору: выберите уровень отчёта и начните в Telegram.",
    "primaryCta": "Перейти в Telegram",
    "secondaryCta": "Смотреть тарифы"
  },
  "benefits": {
    "title": "Преимущества",
    "items": [
      {
        "title": "Быстрый старт",
        "description": "Без длинной регистрации — переход в бота по одной кнопке."
      },
      {
        "title": "Гибкая глубина",
        "description": "Форматы T0–T3: от ознакомительного до расширенного аналитического."
      },
      {
        "title": "Удобный результат",
        "description": "Отчёт в Telegram + выгрузка PDF в один клик."
      }
    ]
  },
  "tariffs": {
    "title": "Тарифы T0–T3",
    "items": [
      {
        "id": "t0",
        "title": "T0",
        "price": "0 ₽",
        "description": "Ознакомительный отчёт, доступно 1 раз в месяц.",
        "cta": "Выбрать T0",
        "placement": "tariff_t0"
      },
      {
        "id": "t1",
        "title": "T1",
        "price": "от 990 ₽",
        "description": "Расширенный базовый отчёт по вашим данным.",
        "cta": "Выбрать T1",
        "placement": "tariff_t1"
      },
      {
        "id": "t2",
        "title": "T2",
        "price": "от 2 490 ₽",
        "description": "Дополнительная анкета и углублённые сценарии развития.",
        "cta": "Выбрать T2",
        "placement": "tariff_t2",
        "badge": "Рекомендуем"
      },
      {
        "id": "t3",
        "title": "T3",
        "price": "от 4 990 ₽",
        "description": "Максимальная глубина с месячным и годовым фокусом.",
        "cta": "Выбрать T3",
        "placement": "tariff_t3"
      }
    ]
  },
  "prePaymentNotice": {
    "title": "Важно до оплаты в боте",
    "consultationBlockTitle": "Не является консультацией/прогнозом",
    "consultationBlockText": "Сервис не является консультацией, прогнозом или рекомендацией к действию. Все выводы носят аналитический и описательный характер.",
    "refundBlockTitle": "Возвратов нет",
    "refundBlockText": "Оплачивая доступ к отчёту, пользователь подтверждает согласие с офертой и условием «возвратов нет».",
    "cta": "Перейти в бот и выбрать тариф"
  },
  "disclaimers": {
    "title": "Дисклеймеры",
    "items": [
      "Сервис не является консультацией, прогнозом или рекомендацией к действию.",
      "Все выводы носят аналитический и описательный характер.",
      "Ответственность за решения остаётся за пользователем.",
      "Сервис не гарантирует финансовых или иных результатов.",
      "Возвратов нет."
    ]
  },
  "faq": {
    "title": "FAQ",
    "items": [
      {
        "question": "Сколько времени занимает получение отчёта?",
        "answer": "Обычно несколько минут после заполнения данных (и оплаты для T1–T3)."
      },
      {
        "question": "Можно ли начать бесплатно?",
        "answer": "Да, тариф T0 доступен бесплатно с ограничением 1 раз в месяц."
      },
      {
        "question": "Где я получу результат?",
        "answer": "В Telegram-боте, также можно выгрузить PDF-версию отчёта."
      }
    ]
  },
  "footer": {
    "cta": "Открыть Telegram-бота",
    "stickyCta": "Перейти в Telegram"
  },
  "policy": {
    "forbiddenWords": [
      "нумерология",
      "предназначение",
      "судьба",
      "карма",
      "прогноз",
      "натальный"
    ],
    "redZoneWords": [
      "диагноз",
      "лечение",
      "инвестиции",
      "ставки",
      "наркотики",
      "суицид"
    ],
    "requiredDisclaimers": [
      "Сервис не является консультацией, прогнозом или рекомендацией к действию.",
      "Все выводы носят аналитический и описательный характер.",
      "Ответственность за решения остаётся за пользователем.",
      "Сервис не гарантирует финансовых или иных результатов.",
      "Возвратов нет."
    ],
    "allowListedPhrases": [
      "Сервис не является консультацией, прогнозом или рекомендацией к действию.",
      "Не является консультацией/прогнозом"
    ]
  }
}